{
    "platform": {
        "name": "Nexus",
        "os": "NX-OS",
        "software": {
            "system_version": "7.0(3)I7(8)",
            "system_image_file": "bootflash:///nxos.7.0.3.I7.8.bin",
            "system_compile_time": "3/3/2020 20:00:00 [03/04/2020 04:49:49]"
        },
        "hardware": {
            "model": "Nexus9000 9000v",
            "chassis": "Nexus9000 9000v",
            "slots": "None",
            "rp": "None",
            "cpu": "",
            "memory": "11955208 kB",
            "processor_board_id": "9F1LT8IVVZG",
            "device_name": "B10POL00",
            "bootflash": "3509454 kB"
        },
        "kernel_uptime": {
            "days": 91,
            "hours": 22,
            "minutes": 30,
            "seconds": 52
        },
        "reason": "Unknown"
    }
}